"no_likes","ID"
79,"POST_1"
130,"POST_2"
66,"POST_3"
1572,"POST_4"
325,"POST_5"
152,"POST_6"
249,"POST_7"
325,"POST_8"
161,"POST_9"
113,"POST_10"
233,"POST_11"
88,"POST_12"
90,"POST_13"
137,"POST_14"
577,"POST_15"
86,"POST_16"
40,"POST_17"
678,"POST_18"
54,"POST_19"
34,"POST_20"
66,"POST_21"
0,"POST_22"
16,"POST_23"
72,"POST_24"
99,"POST_25"
88,"POST_26"
412,"POST_27"
100,"POST_28"
523,"POST_29"
143,"POST_30"
107,"POST_31"
27,"POST_32"
155,"POST_33"
98,"POST_34"
56,"POST_35"
172,"POST_36"
96,"POST_37"
76,"POST_38"
227,"POST_39"
44,"POST_40"
216,"POST_41"
187,"POST_42"
26,"POST_43"
29,"POST_44"
47,"POST_45"
57,"POST_46"
174,"POST_47"
18,"POST_48"
77,"POST_49"
12,"POST_50"
48,"POST_51"
285,"POST_52"
202,"POST_53"
64,"POST_54"
66,"POST_55"
65,"POST_56"
164,"POST_57"
40,"POST_58"
76,"POST_59"
139,"POST_60"
101,"POST_61"
144,"POST_62"
179,"POST_63"
219,"POST_64"
60,"POST_65"
77,"POST_66"
48,"POST_67"
697,"POST_68"
53,"POST_69"
84,"POST_70"
146,"POST_71"
449,"POST_72"
226,"POST_73"
172,"POST_74"
99,"POST_75"
411,"POST_76"
0,"POST_77"
85,"POST_78"
56,"POST_79"
29,"POST_80"
86,"POST_81"
370,"POST_82"
190,"POST_83"
101,"POST_84"
99,"POST_85"
140,"POST_86"
130,"POST_87"
270,"POST_88"
30,"POST_89"
107,"POST_90"
331,"POST_91"
78,"POST_92"
301,"POST_93"
111,"POST_94"
124,"POST_95"
153,"POST_96"
51,"POST_97"
115,"POST_98"
310,"POST_99"
328,"POST_100"
0,"POST_101"
1505,"POST_102"
63,"POST_103"
13,"POST_104"
59,"POST_105"
955,"POST_106"
181,"POST_107"
193,"POST_108"
125,"POST_109"
217,"POST_110"
28,"POST_111"
190,"POST_112"
117,"POST_113"
79,"POST_114"
15,"POST_115"
4,"POST_116"
431,"POST_117"
7,"POST_118"
7,"POST_119"
6,"POST_120"
2,"POST_121"
186,"POST_122"
1,"POST_123"
3,"POST_124"
7,"POST_125"
7,"POST_126"
198,"POST_127"
9,"POST_128"
4,"POST_129"
3,"POST_130"
8,"POST_131"
7,"POST_132"
7,"POST_133"
11,"POST_134"
28,"POST_135"
56,"POST_136"
32,"POST_137"
32,"POST_138"
129,"POST_139"
77,"POST_140"
143,"POST_141"
227,"POST_142"
859,"POST_143"
377,"POST_144"
41,"POST_145"
76,"POST_146"
189,"POST_147"
80,"POST_148"
148,"POST_149"
24,"POST_150"
302,"POST_151"
166,"POST_152"
358,"POST_153"
161,"POST_154"
319,"POST_155"
54,"POST_156"
117,"POST_157"
115,"POST_158"
187,"POST_159"
84,"POST_160"
363,"POST_161"
244,"POST_162"
290,"POST_163"
243,"POST_164"
18,"POST_165"
113,"POST_166"
77,"POST_167"
485,"POST_168"
1622,"POST_169"
99,"POST_170"
188,"POST_171"
30,"POST_172"
163,"POST_173"
179,"POST_174"
204,"POST_175"
165,"POST_176"
1047,"POST_177"
234,"POST_178"
250,"POST_179"
154,"POST_180"
150,"POST_181"
102,"POST_182"
226,"POST_183"
345,"POST_184"
68,"POST_185"
62,"POST_186"
223,"POST_187"
61,"POST_188"
104,"POST_189"
146,"POST_190"
102,"POST_191"
766,"POST_192"
63,"POST_193"
113,"POST_194"
442,"POST_195"
278,"POST_196"
64,"POST_197"
52,"POST_198"
30,"POST_199"
1155,"POST_200"
139,"POST_201"
40,"POST_202"
53,"POST_203"
220,"POST_204"
114,"POST_205"
39,"POST_206"
859,"POST_207"
137,"POST_208"
54,"POST_209"
74,"POST_210"
98,"POST_211"
264,"POST_212"
36,"POST_213"
11,"POST_214"
435,"POST_215"
114,"POST_216"
17,"POST_217"
15,"POST_218"
87,"POST_219"
227,"POST_220"
86,"POST_221"
179,"POST_222"
74,"POST_223"
332,"POST_224"
80,"POST_225"
95,"POST_226"
188,"POST_227"
109,"POST_228"
367,"POST_229"
102,"POST_230"
113,"POST_231"
94,"POST_232"
14,"POST_233"
43,"POST_234"
98,"POST_235"
13,"POST_236"
237,"POST_237"
112,"POST_238"
101,"POST_239"
145,"POST_240"
535,"POST_241"
118,"POST_242"
484,"POST_243"
315,"POST_244"
5172,"POST_245"
154,"POST_246"
73,"POST_247"
96,"POST_248"
98,"POST_249"
53,"POST_250"
71,"POST_251"
194,"POST_252"
226,"POST_253"
238,"POST_254"
755,"POST_255"
47,"POST_256"
126,"POST_257"
104,"POST_258"
167,"POST_259"
152,"POST_260"
128,"POST_261"
234,"POST_262"
61,"POST_263"
66,"POST_264"
529,"POST_265"
42,"POST_266"
75,"POST_267"
61,"POST_268"
162,"POST_269"
47,"POST_270"
696,"POST_271"
215,"POST_272"
534,"POST_273"
143,"POST_274"
46,"POST_275"
98,"POST_276"
25,"POST_277"
204,"POST_278"
202,"POST_279"
148,"POST_280"
40,"POST_281"
71,"POST_282"
104,"POST_283"
34,"POST_284"
129,"POST_285"
72,"POST_286"
15,"POST_287"
102,"POST_288"
469,"POST_289"
57,"POST_290"
23,"POST_291"
141,"POST_292"
19,"POST_293"
71,"POST_294"
72,"POST_295"
54,"POST_296"
93,"POST_297"
62,"POST_298"
78,"POST_299"
14,"POST_300"
231,"POST_301"
72,"POST_302"
197,"POST_303"
330,"POST_304"
148,"POST_305"
208,"POST_306"
148,"POST_307"
154,"POST_308"
142,"POST_309"
107,"POST_310"
22,"POST_311"
84,"POST_312"
59,"POST_313"
65,"POST_314"
24,"POST_315"
186,"POST_316"
58,"POST_317"
74,"POST_318"
180,"POST_319"
168,"POST_320"
36,"POST_321"
51,"POST_322"
67,"POST_323"
1372,"POST_324"
57,"POST_325"
33,"POST_326"
79,"POST_327"
97,"POST_328"
617,"POST_329"
139,"POST_330"
199,"POST_331"
107,"POST_332"
50,"POST_333"
64,"POST_334"
55,"POST_335"
142,"POST_336"
72,"POST_337"
79,"POST_338"
244,"POST_339"
307,"POST_340"
212,"POST_341"
95,"POST_342"
194,"POST_343"
101,"POST_344"
46,"POST_345"
156,"POST_346"
821,"POST_347"
58,"POST_348"
155,"POST_349"
1639,"POST_350"
